t,raw_ch0,clean_ch0,raw_ch1,clean_ch1,raw_ch2,clean_ch2
2994.0,9.96,8.76,-9.96,-7.66,-9.57,-7.88
2994.004,10.74,5.93,-8.79,-6.81,-6.06,-6.11
2994.008,7.23,2.86,-3.71,-5.3,-3.71,-4.9
2994.012,4.49,1.08,-0.59,-3.82,-3.32,-4.85
2994.016,7.23,1.05,-1.37,-2.57,-3.71,-5.62
2994.02,9.18,1.79,-0.98,-1.21,-4.1,-6.28
2994.023,6.84,1.72,2.54,0.49,-4.88,-6.11
2994.027,5.27,-0.2,5.67,2.11,-2.15,-5.04
2994.031,3.32,-3.75,4.88,2.95,-0.59,-3.48
2994.035,-0.59,-7.51,4.88,2.71,-0.2,-1.92
2994.039,-5.27,-9.7,2.15,1.62,-0.2,-0.68
2994.043,-6.45,-9.27,-1.76,0.03,0.2,0.2
2994.047,-5.67,-6.72,-2.93,-1.94,-1.37,0.88
2994.051,-2.15,-3.86,-8.01,-4.29,-2.93,1.63
2994.055,-0.98,-2.53,-11.53,-6.72,-0.59,2.67
2994.059,-2.54,-3.42,-12.31,-8.61,0.2,4.03
2994.062,-7.23,-5.94,-11.14,-9.27,2.15,5.54
2994.066,-6.06,-9.14,-10.74,-8.44,6.06,7.04
2994.07,-5.27,-12.33,-7.62,-6.58,8.4,8.57
2994.074,-9.18,-15.09,-3.32,-4.78,11.53,10.32
2994.078,-11.53,-16.97,0.98,-4.14,15.04,12.4
2994.082,-6.84,-17.77,0.2,-5.02,20.51,14.65
2994.086,-3.32,-17.95,0.2,-6.98,25.2,16.72
2994.09,-2.93,-18.39,1.76,-9.41,30.28,18.33
2994.094,-1.37,-19.6,3.32,-11.99,33.41,19.62
2994.098,0.2,-21.14,0.98,-14.56,34.97,20.96
2994.102,-2.93,-21.74,-4.1,-16.73,36.53,22.42
2994.105,-1.37,-20.25,-2.54,-18.0,38.49,23.44
2994.109,5.27,-16.67,-0.98,-18.12,40.05,23.0
2994.113,9.18,-12.3,-1.37,-17.19,36.14,20.51
2994.117,12.31,-8.92,1.37,-15.49,32.23,16.34
2994.121,13.87,-7.66,0.98,-13.4,27.16,11.83
2994.125,9.96,-8.43,0.98,-11.39,20.9,8.58
2994.129,2.54,-10.41,2.54,-9.86,17.78,7.61
2994.133,2.93,-12.8,1.37,-8.87,18.95,8.86
2994.137,3.71,-15.04,0.2,-8.05,20.9,11.3
2994.141,-2.54,-16.44,2.54,-7.04,22.47,13.48
2994.145,-2.93,-16.27,5.27,-5.99,24.42,14.29
2994.148,1.37,-14.61,5.27,-5.35,23.25,13.44
2994.152,3.71,-12.74,3.32,-5.47,20.9,11.49
2994.156,2.93,-12.34,3.71,-6.26,19.34,9.52
2994.16,2.93,-14.02,4.88,-7.38,18.56,8.51
2994.164,-0.59,-16.58,-0.2,-8.41,17.39,8.88
2994.168,-3.32,-17.97,1.76,-9.21,21.29,10.41
2994.172,0.59,-16.94,3.32,-9.95,25.59,12.42
2994.176,5.67,-14.04,0.59,-10.87,24.42,14.25
2994.18,5.27,-11.08,0.2,-11.99,26.76,15.48
2994.184,8.01,-9.6,-0.98,-12.98,26.76,15.73
2994.188,8.79,-9.82,-4.1,-13.52,24.03,14.64
2994.191,2.93,-10.58,-4.88,-13.56,22.08,12.11
2994.195,1.37,-10.47,-2.15,-13.17,16.21,8.64
2994.199,6.45,-8.98,-4.88,-12.27,11.53,5.38
2994.203,8.4,-6.74,-6.06,-10.68,9.96,3.42
2994.207,7.23,-4.77,-0.59,-8.59,9.57,3.15
2994.211,9.57,-3.82,2.93,-6.76,11.14,3.99
2994.215,8.01,-4.23,0.59,-5.92,12.31,4.93
2994.219,8.01,-5.97,-0.2,-6.12,9.96,5.27
2994.223,4.49,-8.43,-0.98,-6.77,9.57,4.94
2994.227,-0.98,-10.39,-2.15,-7.25,8.79,4.4
2994.23,-0.2,-10.61,-4.49,-7.45,6.45,4.13
2994.234,0.2,-8.68,-2.54,-7.69,8.01,4.31
2994.238,4.88,-5.37,-6.06,-8.39,6.06,4.78
2994.242,6.84,-2.02,-8.4,-9.56,6.06,5.16
2994.246,6.84,0.4,-8.4,-10.73,4.88,5.14
2994.25,7.62,1.71,-11.14,-11.17,4.1,4.52
2994.254,9.18,2.46,-13.09,-10.37,0.98,3.34
2994.258,6.45,3.62,-11.14,-8.36,-2.54,1.73
2994.262,4.88,5.97,-9.96,-5.63,-8.01,-0.12
2994.266,8.79,9.47,-11.14,-2.72,-11.14,-2.19
2994.27,13.09,12.96,-9.57,-0.05,-13.09,-4.55
2994.273,12.7,14.66,-4.1,1.97,-15.43,-7.21
2994.277,11.53,13.24,-3.71,3.05,-18.56,-9.82
2994.281,6.06,8.83,-6.84,3.4,-23.64,-11.79
2994.285,-1.37,3.27,-9.96,3.8,-27.94,-12.7
2994.289,-13.09,-0.61,-12.7,4.97,-31.06,-12.8
2994.293,-14.26,-0.71,-13.09,6.91,-33.8,-12.85
2994.297,-11.14,2.86,-9.18,8.94,-33.8,-13.49
2994.301,-3.32,7.81,-8.4,10.31,-35.36,-14.56
2994.305,3.32,11.43,-7.23,10.79,-33.41,-15.17
2994.309,6.06,12.51,-2.54,10.55,-29.89,-14.47
2994.312,5.67,11.89,-0.2,9.84,-24.81,-12.51
2994.316,8.79,11.21,0.2,8.81,-19.73,-10.3
2994.32,13.09,11.58,0.2,7.64,-17.39,-9.03
2994.324,13.09,13.06,-0.59,6.61,-18.56,-9.16
2994.328,13.09,15.07,-0.98,6.06,-20.12,-10.13
2994.332,15.43,16.82,-2.15,6.14,-20.12,-10.85
2994.336,17.78,17.5,-1.76,6.49,-19.34,-10.44
2994.34,17.0,16.56,0.2,6.23,-16.61,-8.72
2994.344,15.04,14.26,0.2,4.6,-13.48,-6.12
2994.348,14.26,11.84,-2.54,1.86,-11.92,-3.5
2994.352,10.74,11.07,-11.14,-0.59,-11.14,-1.84
2994.355,9.96,13.16,-9.18,-1.22,-11.92,-1.86
2994.359,15.82,17.73,-7.23,0.45,-12.7,-3.47
2994.363,21.29,22.69,-5.27,3.5,-17.78,-5.63
2994.367,24.81,25.54,-1.37,6.47,-17.39,-6.9
2994.371,25.98,25.14,-0.59,8.12,-16.21,-6.48
2994.375,20.12,22.56,-1.37,7.95,-15.82,-4.84
2994.379,13.09,20.14,-3.32,6.26,-16.21,-3.45
2994.383,15.04,19.66,-7.23,3.99,-17.39,-3.67
2994.387,18.56,21.31,-13.09,2.36,-22.08,-5.93
2994.391,15.82,24.06,-12.31,2.14,-25.98,-9.59
2994.395,18.56,26.54,-8.01,3.23,-28.72,-13.45
2994.398,23.25,27.54,-6.84,4.8,-30.67,-16.48
2994.402,23.25,26.29,-6.84,5.93,-31.45,-18.14
2994.406,19.34,22.9,-3.71,5.98,-31.06,-18.38
2994.41,16.21,18.67,-4.1,4.84,-29.11,-17.43
2994.414,11.14,15.67,-9.96,2.93,-31.84,-15.79
2994.418,9.18,15.47,-10.35,1.02,-27.16,-14.23
2994.422,16.21,18.05,-8.79,-0.22,-24.42,-13.51
2994.426,21.68,21.88,-10.35,-0.5,-26.37,-13.94
2994.43,23.25,24.99,-6.84,0.06,-25.2,-15.06
2994.434,27.55,26.29,-4.88,1.13,-24.42,-15.95
2994.438,29.11,26.06,-4.1,2.28,-24.03,-15.9
2994.441,27.55,25.43,-0.2,3.15,-21.29,-14.79
2994.445,29.11,25.42,4.1,3.74,-17.0,-13.01
2994.449,34.97,26.26,3.71,4.56,-13.48,-11.12
2994.453,37.7,27.59,4.88,6.15,-12.31,-9.54
2994.457,35.36,29.1,9.57,8.37,-10.35,-8.53
2994.461,36.92,30.51,13.48,10.33,-9.96,-8.28
2994.465,39.27,31.21,11.92,11.26,-10.35,-8.76
2994.469,40.44,30.24,11.92,11.36,-11.53,-9.6
2994.473,38.88,27.18,15.04,11.52,-9.18,-10.21
2994.477,32.63,22.96,16.61,12.38,-8.79,-10.1
2994.48,31.45,19.48,18.17,13.61,-8.4,-9.21
2994.484,30.28,18.16,21.68,14.16,-3.71,-7.91
2994.488,33.02,19.02,18.56,13.13,-3.71,-6.7
2994.492,34.19,20.8,15.04,10.5,-3.71,-5.79
2994.496,32.63,22.06,12.31,7.11,-4.49,-5.05
2994.5,32.23,22.0,8.79,4.05,-2.54,-4.29
2994.504,34.19,20.64,5.67,2.01,-1.37,-3.46
2994.508,31.84,18.55,6.45,1.08,-0.98,-2.66
2994.512,25.98,16.32,8.79,1.0,0.59,-1.94
2994.516,27.55,14.02,6.84,1.64,1.76,-1.26
2994.52,25.98,11.06,6.45,2.88,0.98,-0.48
2994.523,17.78,6.76,11.14,4.31,3.32,0.57
2994.527,13.48,1.08,12.7,5.22,5.67,2.13
2994.531,8.79,-5.07,10.35,5.29,6.84,4.59
2994.535,3.32,-10.09,10.35,5.02,9.18,8.19
2994.539,-4.1,-12.52,9.18,5.29,13.09,12.67
2994.543,-3.32,-11.98,6.84,6.48,15.82,17.13
2994.547,-2.93,-9.59,8.79,8.1,16.61,20.57
2994.551,-3.71,-7.26,6.84,9.24,15.43,22.45
2994.555,-3.32,-6.44,2.93,9.26,14.65,22.96
2994.559,-7.62,-7.16,0.59,8.19,11.14,22.71
2994.562,-15.43,-8.44,-3.32,6.46,7.62,22.24
2994.566,-16.61,-9.33,-9.57,4.6,4.1,21.72
2994.57,-17.78,-9.49,-16.61,2.9,-0.2,20.99
2994.574,-25.2,-8.8,-20.51,1.3,-6.45,19.76
2994.578,-27.16,-6.92,-24.81,-0.39,-12.7,17.94
2994.582,-25.98,-3.82,-31.06,-2.29,-15.82,15.68
2994.586,-22.08,-0.54,-34.58,-4.34,-18.95,13.44
2994.59,-21.68,0.93,-35.75,-6.49,-20.51,11.92
2994.594,-23.25,-1.04,-35.36,-8.54,-20.9,11.84
2994.598,-26.37,-6.19,-36.53,-9.77,-19.34,13.4
2994.602,-31.84,-12.11,-38.88,-9.06,-15.04,15.77
2994.605,-35.75,-15.57,-30.28,-5.87,-11.14,17.41
2994.609,-32.63,-14.71,-24.03,-1.05,-8.79,16.99
2994.613,-27.16,-10.3,-20.12,3.48,-14.65,14.55
2994.617,-22.86,-5.01,-18.56,5.87,-17.39,11.59
2994.621,-18.95,-1.23,-20.9,5.39,-19.73,10.01
2994.625,-19.73,0.4,-24.81,2.61,-20.12,10.85
2994.629,-23.64,0.89,-27.16,-1.12,-17.39,13.67
2994.633,-20.12,1.43,-31.45,-4.2,-15.04,16.96
2994.637,-17.39,2.47,-36.92,-5.58,-13.87,19.17
2994.641,-20.9,3.98,-36.92,-5.32,-16.61,19.45
2994.645,-22.47,5.88,-34.97,-4.6,-18.56,17.94
2994.648,-18.17,7.84,-36.92,-4.74,-20.12,15.44
2994.652,-15.82,8.84,-38.49,-6.03,-23.64,12.86
2994.656,-17.39,7.54,-37.7,-7.44,-24.03,10.83
2994.66,-18.56,3.42,-35.75,-7.41,-22.86,9.65
2994.664,-25.2,-2.45,-35.75,-5.11,-25.59,9.3
2994.668,-31.84,-7.86,-30.28,-1.15,-22.86,9.6
2994.672,-32.23,-10.86,-22.47,2.63,-19.34,10.33
2994.676,-29.5,-11.02,-21.29,4.5,-19.34,11.27
2994.68,-27.55,-9.52,-18.95,4.04,-17.0,12.18
2994.684,-23.64,-8.14,-18.56,2.38,-11.92,12.68
2994.688,-19.73,-8.01,-20.51,1.12,-11.14,12.38
2994.691,-22.86,-8.98,-17.78,1.06,-11.53,11.29
2994.695,-24.42,-10.02,-12.7,1.89,-12.31,9.95
2994.699,-18.56,-10.1,-13.48,2.87,-11.53,9.08
2994.703,-14.65,-8.78,-11.92,3.6,-9.96,8.88
2994.707,-12.7,-6.18,-6.45,4.03,-5.67,8.82
2994.711,-6.45,-2.92,-2.54,4.14,-3.32,8.11
2994.715,-1.37,-0.03,-2.93,4.11,-5.27,6.5
2994.719,-0.2,1.38,-3.71,4.45,-8.01,4.53
2994.723,-0.59,1.0,-2.54,5.73,-10.74,2.97
2994.727,-6.84,-0.26,-3.32,7.98,-13.87,1.97
2994.73,-8.79,-0.71,-3.32,10.29,-15.04,1.02
2994.734,-7.23,0.79,0.2,11.2,-17.39,-0.5
2994.738,-2.93,4.01,-4.1,9.64,-21.29,-2.51
2994.742,-0.2,7.63,-8.4,5.81,-22.08,-4.17
2994.746,0.2,10.1,-11.53,1.17,-23.64,-4.58
2994.75,1.37,10.55,-17.39,-2.48,-22.86,-3.64
2994.754,1.76,9.23,-19.73,-4.13,-19.73,-2.2
2994.758,0.2,7.35,-15.04,-4.13,-17.78,-1.46
2994.762,-0.2,6.42,-11.92,-3.61,-17.39,-2.11
2994.766,2.93,7.18,-13.48,-3.42,-18.56,-3.99
2994.77,7.23,8.98,-13.48,-3.62,-18.95,-6.46
2994.773,7.62,10.21,-10.35,-3.9,-20.12,-8.92
2994.777,6.84,9.31,-8.79,-4.13,-21.68,-10.98
2994.781,6.84,5.81,-9.18,-4.28,-21.68,-12.32
2994.785,2.15,0.74,-9.57,-4.18,-22.08,-12.67
2994.789,-5.67,-3.87,-8.79,-3.7,-22.86,-12.06
2994.793,-7.23,-6.15,-8.79,-3.02,-20.51,-11.03
2994.797,-7.62,-5.59,-7.23,-2.61,-19.34,-10.35
2994.801,-2.15,-3.25,-6.84,-2.77,-20.9,-10.49
2994.805,1.37,-0.74,-8.01,-3.3,-19.73,-11.29
2994.809,2.54,0.94,-6.45,-3.62,-19.34,-12.2
2994.812,2.15,1.82,-4.49,-3.23,-19.34,-12.76
2994.816,5.27,2.36,-2.54,-2.03,-18.95,-12.95
2994.82,9.96,2.97,-1.37,-0.27,-17.0,-13.15
2994.824,8.79,3.92,2.15,1.62,-18.17,-13.81
2994.828,9.18,5.43,6.84,3.36,-19.73,-15.24
2994.832,12.7,7.18,6.06,5.02,-18.95,-17.33
2994.836,16.21,8.11,8.4,6.73,-20.9,-19.49
2994.84,13.87,6.92,11.14,8.26,-22.86,-20.68
2994.844,9.96,3.32,13.48,8.96,-21.68,-19.9
2994.848,5.67,-1.39,11.14,8.36,-19.73,-16.92
2994.852,-0.59,-5.0,5.67,6.75,-17.78,-12.82
2994.855,-3.32,-5.83,6.45,4.95,-11.92,-9.54
2994.859,2.54,-4.05,6.06,3.64,-10.35,-8.62
2994.863,6.06,-1.45,6.06,2.99,-12.31,-10.05
2994.867,9.18,0.01,8.01,2.71,-11.92,-12.26
2994.871,11.53,-0.27,10.35,2.43,-11.14,-13.46
2994.875,10.74,-1.34,9.57,2.03,-8.79,-13.02
2994.879,7.62,-1.77,12.31,1.82,-7.23,-11.79
2994.883,13.09,-1.1,13.48,2.36,-4.88,-11.19
2994.887,17.78,0.01,12.7,3.89,-5.67,-12.0
2994.891,15.04,0.8,16.61,5.81,-7.62,-13.87
2994.895,13.48,1.13,20.51,6.78,-9.18,-15.64
2994.898,15.82,1.1,18.17,5.78,-8.4,-16.24
2994.902,16.61,0.23,13.87,3.11,-7.62,-15.11
2994.906,13.09,-2.47,12.7,0.26,-4.1,-12.32
2994.91,9.96,-7.36,14.26,-1.14,0.98,-8.33
2994.914,4.88,-13.29,12.7,-0.42,6.06,-3.94
2994.918,-0.2,-17.85,17.39,1.82,9.96,-0.18
2994.922,-0.2,-18.9,22.86,4.23,16.21,1.95
2994.926,6.06,-16.03,23.64,5.75,15.43,2.05
2994.93,9.96,-10.85,24.81,6.29,13.87,0.55
2994.934,15.82,-5.95,26.37,6.43,13.87,-1.53
2994.938,22.86,-3.25,25.98,6.57,13.09,-3.35
2994.941,20.51,-2.86,27.94,6.32,13.09,-4.64
2994.945,18.17,-3.38,30.67,5.06,11.92,-5.57
2994.949,23.64,-3.19,24.42,2.82,11.53,-6.39
2994.953,24.81,-1.52,20.12,0.48,10.74,-7.14
2994.957,23.25,1.26,21.29,-1.18,9.57,-7.73
2994.961,27.94,3.97,21.29,-2.24,10.35,-7.91
2994.965,31.06,5.17,20.12,-3.39,11.53,-7.42
2994.969,31.45,4.08,19.34,-5.06,13.87,-6.16
2994.973,31.45,1.41,19.73,-6.99,18.17,-4.36
2994.977,27.94,-0.69,18.95,-8.57,20.51,-2.7
2994.98,27.94,0.07,17.39,-9.5,21.68,-1.95
2994.984,33.8,4.45,19.34,-9.92,21.29,-2.54
2994.988,42.0,11.16,16.61,-10.14,18.17,-4.21
2994.992,45.91,17.9,15.04,-10.23,15.43,-6.21
2994.996,48.64,22.88,16.61,-9.97,13.87,-7.76
2995.0,50.99,25.51,15.43,-9.21,11.53,-8.45
2995.004,52.94,26.35,13.09,-8.23,11.53,-8.27
2995.008,49.82,26.48,15.04,-7.76,10.35,-7.48
2995.012,46.69,26.89,14.26,-8.31,9.18,-6.38
2995.016,47.47,27.79,7.62,-9.59,8.4,-5.36
2995.02,46.69,28.45,2.54,-10.69,7.23,-4.78
2995.023,41.22,27.71,2.93,-11.05,4.88,-4.72
2995.027,35.36,24.87,0.2,-11.07,0.59,-4.79
2995.031,28.33,20.28,-5.67,-11.61,-1.76,-4.24
2995.035,20.12,15.34,-9.96,-12.96,-3.32,-2.54
2995.039,11.53,11.76,-14.65,-14.57,-4.88,0.04
2995.043,9.96,10.59,-17.78,-15.52,-2.15,2.39
2995.047,11.53,11.55,-14.65,-15.33,-0.59,3.18
2995.051,16.61,13.36,-11.92,-14.19,-0.2,1.73
2995.055,21.29,14.88,-9.57,-12.75,-1.37,-1.55
2995.059,23.64,15.87,-4.49,-11.61,-2.15,-5.48
2995.062,24.03,16.84,0.2,-10.95,-2.93,-8.8
2995.066,31.06,18.06,1.37,-10.47,-2.54,-10.86
2995.07,37.31,19.29,3.71,-9.65,-0.2,-11.71
2995.074,36.92,20.24,8.4,-8.34,1.37,-11.89
2995.078,36.92,21.07,11.92,-6.89,0.98,-12.02
2995.082,40.44,21.95,12.31,-5.73,2.54,-12.47
2995.086,42.39,22.46,13.09,-5.01,2.54,-13.15
2995.09,40.44,21.75,14.26,-4.49,1.76,-13.65
2995.094,39.27,19.49,16.61,-3.88,2.93,-13.47
2995.098,35.75,16.59,15.82,-2.9,1.76,-12.53
2995.102,30.67,14.96,12.7,-1.43,0.2,-11.41
2995.105,27.16,16.27,13.48,0.42,-0.59,-11.04
2995.109,31.06,20.63,13.87,2.3,-3.71,-11.96
2995.113,33.8,26.33,11.14,3.89,-10.74,-13.75
2995.117,36.53,31.05,9.96,5.04,-13.48,-15.38
2995.121,38.49,33.4,8.79,5.65,-15.43,-16.18
2995.125,34.97,33.61,7.62,5.43,-17.78,-16.41
2995.129,28.72,32.77,6.06,4.28,-19.34,-16.95
2995.133,30.28,31.52,0.98,2.68,-22.08,-18.4
2995.137,28.33,29.73,-4.1,1.66,-28.33,-20.53
2995.141,18.56,27.23,-5.67,1.95,-34.19,-22.54
2995.145,10.74,24.46,-6.84,3.23,-37.31,-23.86
2995.148,7.62,21.98,-8.79,4.31,-40.44,-24.39
2995.152,3.32,19.61,-12.7,4.1,-42.39,-24.22
2995.156,-2.15,16.49,-14.65,2.28,-43.17,-23.07
2995.16,-5.27,12.03,-18.17,-0.52,-42.0,-20.42
2995.164,-15.43,6.85,-25.59,-3.25,-40.44,-16.07
2995.168,-22.47,2.49,-27.16,-5.2,-35.75,-10.72
2995.172,-23.64,0.17,-27.94,-6.33,-28.72,-5.75
2995.176,-22.47,-0.19,-30.28,-7.03,-28.33,-2.33
2995.18,-25.2,0.14,-30.28,-7.54,-27.16,-0.68
2995.184,-24.42,-0.35,-30.67,-7.83,-25.2,-0.06
2995.188,-25.98,-2.49,-32.63,-7.88,-25.59,0.53
2995.191,-33.41,-6.19,-33.41,-8.02,-24.81,1.74
2995.195,-41.61,-10.91,-32.63,-8.63,-25.59,3.61
2995.199,-45.52,-16.18,-39.66,-9.56,-27.16,5.69
2995.203,-54.51,-21.64,-46.69,-10.16,-28.72,7.35
2995.207,-68.57,-26.86,-47.86,-10.03,-31.06,8.25
2995.211,-76.39,-31.6,-48.64,-9.52,-34.58,8.75
2995.215,-83.81,-36.3,-55.68,-9.22,-38.49,9.82
2995.219,-92.41,-41.79,-60.76,-9.16,-40.44,12.38
2995.223,-101.78,-48.18,-60.76,-8.72,-39.27,16.39
2995.227,-113.11,-53.93,-63.88,-7.38,-36.92,20.64
2995.23,-117.8,-56.52,-65.05,-5.39,-36.14,23.47
2995.234,-115.46,-54.25,-60.37,-3.73,-35.36,23.91
2995.238,-104.91,-47.46,-59.98,-3.3,-37.7,22.16
2995.242,-93.19,-38.18,-59.58,-4.28,-36.53,19.17
2995.246,-82.25,-28.79,-54.9,-5.97,-36.53,15.67
2995.25,-68.96,-20.78,-52.55,-7.54,-34.58,11.73
2995.254,-54.11,-14.29,-50.21,-8.7,-32.63,7.17
2995.258,-45.13,-8.46,-43.57,-9.78,-33.41,2.17
2995.262,-34.97,-2.09,-36.92,-11.01,-34.19,-2.56
2995.266,-19.34,5.33,-35.75,-11.9,-31.06,-6.47
2995.27,-5.67,13.16,-31.45,-11.56,-27.94,-9.73
2995.273,3.71,19.82,-22.08,-9.73,-26.76,-13.11
2995.277,11.92,23.72,-15.04,-7.27,-26.37,-17.0
2995.281,15.43,24.06,-11.14,-5.31,-28.33,-20.76
2995.285,14.65,21.34,-9.18,-4.1,-30.28,-23.03
2995.289,9.96,17.15,-8.01,-2.85,-29.11,-22.88
2995.293,6.45,13.16,-4.49,-0.9,-22.86,-20.58
2995.297,4.88,10.02,0.2,1.33,-19.34,-17.21
2995.301,2.15,7.0,0.2,2.4,-17.78,-13.61
2995.305,-4.49,2.74,-5.67,1.01,-16.21,-9.64
2995.309,-18.56,-3.52,-14.26,-2.91,-17.39,-4.63
2995.312,-35.75,-11.58,-25.98,-7.88,-19.34,1.73
2995.316,-48.25,-20.72,-37.31,-11.62,-15.04,8.77
2995.32,-59.98,-30.18,-43.17,-12.43,-13.09,15.3
2995.324,-75.6,-39.09,-41.61,-10.11,-14.26,20.35
2995.328,-86.94,-46.41,-40.83,-5.87,-13.87,23.68
2995.332,-94.75,-51.49,-42.78,-1.32,-14.65,25.47
2995.336,-104.13,-54.83,-43.96,2.35,-19.73,26.02
2995.34,-112.72,-57.99,-47.08,4.65,-25.98,25.78
2995.344,-122.49,-62.53,-50.99,5.65,-31.06,25.58
2995.348,-134.99,-68.58,-56.07,6.0,-37.31,26.38
2995.352,-146.72,-74.4,-63.88,6.75,-42.78,28.45
2995.355,-153.36,-77.37,-63.88,8.72,-40.44,30.76
2995.359,-153.75,-75.84,-61.54,11.86,-40.44,31.33
2995.363,-149.06,-70.43,-58.8,15.35,-46.69,28.67
2995.367,-140.46,-63.64,-54.51,18.21,-50.6,23.1
2995.371,-131.48,-58.13,-53.72,20.03,-55.29,16.66
2995.375,-129.91,-55.05,-50.6,20.97,-58.8,11.82
2995.379,-127.96,-54.0,-43.96,21.5,-56.85,10.0
2995.383,-120.15,-54.14,-40.05,22.26,-50.99,10.95
2995.387,-113.89,-55.16,-35.75,23.84,-43.96,13.14
2995.391,-114.68,-57.21,-26.76,26.46,-38.49,14.83
2995.395,-115.07,-60.35,-17.39,29.79,-32.63,15.1
2995.398,-113.5,-64.48,-13.87,33.17,-30.28,14.28
2995.402,-116.24,-69.47,-8.4,35.97,-29.5,13.67
2995.406,-119.76,-74.94,-0.98,37.82,-25.2,14.61
2995.41,-118.97,-79.81,2.93,38.6,-17.0,17.41
2995.414,-118.58,-82.36,4.1,38.5,-12.31,20.94
2995.418,-116.24,-80.89,8.4,37.81,-4.88,23.14
2995.422,-104.13,-74.84,12.7,36.77,0.2,22.27
2995.426,-88.89,-65.26,13.09,35.5,-2.54,18.17
2995.43,-76.39,-54.28,18.56,34.11,-4.49,12.37
2995.434,-59.19,-44.01,22.08,32.83,-2.15,7.03
2995.438,-43.17,-35.63,24.03,31.8,-0.2,3.64
2995.441,-34.97,-29.19,31.06,30.97,3.71,2.39
2995.445,-25.59,-24.07,38.1,30.3,8.79,2.51
2995.449,-11.14,-19.68,40.44,29.99,16.21,3.0
2995.453,-1.37,-15.71,43.96,30.25,20.51,3.12
2995.457,3.71,-11.93,52.94,30.74,25.98,2.6
2995.461,13.48,-8.31,59.58,30.33,31.84,1.61
2995.465,21.29,-5.28,58.02,28.04,32.23,0.67
2995.469,24.03,-3.55,55.29,24.01,34.19,0.46
2995.473,25.98,-3.36,52.16,19.66,35.36,1.36
2995.477,20.51,-4.02,45.91,16.84,34.97,3.09
2995.48,17.39,-4.46,43.96,16.72,33.8,4.61
2995.484,18.17,-4.24,48.25,19.22,36.14,4.72
2995.488,20.51,-3.89,49.43,23.21,31.06,2.75
2995.492,18.17,-4.21,52.94,27.23,27.55,-1.05
2995.496,15.43,-5.32,58.41,30.2,23.64,-5.66
2995.5,16.61,-6.58,59.58,31.77,20.51,-10.0
2995.504,19.34,-7.11,60.76,32.18,19.34,-13.4
2995.508,22.47,-6.19,65.84,31.77,20.51,-15.62
2995.512,28.33,-3.48,69.74,30.75,23.25,-16.77
2995.516,38.1,0.98,69.74,29.21,26.76,-17.05
2995.52,49.43,6.7,71.7,27.04,32.63,-16.77
2995.523,58.41,12.92,76.0,23.88,38.1,-16.23
2995.527,68.18,18.88,75.21,19.31,42.0,-15.57
2995.531,75.6,24.2,69.35,13.63,44.35,-14.71
2995.535,79.9,29.06,61.93,8.13,43.57,-13.43
2995.539,78.73,34.05,53.72,4.45,40.44,-11.74
2995.543,79.12,39.63,48.25,3.44,40.44,-10.05
2995.547,83.03,45.52,49.43,4.59,36.92,-8.95
2995.551,88.5,50.76,48.25,6.68,34.97,-8.76
2995.555,92.41,54.48,49.04,8.76,36.53,-9.42
2995.559,93.97,56.58,52.94,10.71,35.36,-10.51
2995.562,93.19,57.48,58.02,13.0,34.97,-11.48
2995.566,99.44,57.43,62.32,16.08,38.88,-11.95
2995.57,104.91,56.41,69.35,19.7,42.78,-11.86
2995.574,104.91,54.92,77.95,22.76,47.08,-11.52
2995.578,106.86,54.27,83.81,23.73,50.6,-11.48
2995.582,112.33,55.64,83.81,21.61,54.11,-12.21
2995.586,118.97,58.72,80.68,16.47,56.46,-13.76
2995.59,124.05,61.56,77.56,9.17,55.68,-15.49
2995.594,127.57,61.94,70.53,0.73,58.02,-16.28
2995.598,125.62,59.32,62.32,-8.05,58.41,-15.17
2995.602,117.41,55.25,49.82,-16.79,58.8,-12.03
2995.605,109.99,52.05,40.05,-25.48,62.71,-7.57
2995.609,104.91,50.58,26.37,-34.18,63.49,-2.65
2995.613,98.27,49.35,10.74,-42.54,58.8,2.59
2995.617,87.72,45.77,-2.93,-49.62,59.19,8.66
2995.621,74.43,38.38,-17.0,-54.33,58.8,15.72
2995.625,53.33,28.05,-24.42,-56.13,59.19,22.87
2995.629,32.63,16.99,-28.72,-55.26,58.8,28.53
2995.633,20.12,6.8,-34.19,-52.23,54.11,31.58
2995.637,6.45,-2.42,-39.27,-47.51,47.47,32.26
2995.641,-13.09,-11.29,-38.1,-41.72,39.66,31.84
2995.645,-31.06,-19.99,-37.7,-35.83,32.63,31.57
2995.648,-44.74,-28.25,-42.39,-30.87,25.98,31.84
2995.652,-59.98,-35.88,-46.69,-27.29,18.56,32.18
2995.656,-73.65,-42.95,-50.21,-24.71,11.92,31.95
2995.66,-83.81,-49.11,-52.94,-22.36,4.49,30.92
2995.664,-95.53,-53.16,-57.63,-19.83,-2.93,29.27
2995.668,-101.39,-53.47,-57.63,-17.6,-7.23,27.13
2995.672,-95.53,-49.02,-57.63,-16.79,-11.92,24.28
2995.676,-88.11,-40.07,-63.88,-18.26,-18.56,20.22
2995.68,-79.12,-27.93,-64.66,-21.71,-25.59,14.51
2995.684,-62.71,-14.19,-68.57,-25.65,-30.28,6.99
2995.688,-45.52,-0.15,-72.87,-28.45,-37.7,-2.02
2995.691,-34.19,13.41,-69.35,-29.44,-46.69,-11.63
2995.695,-18.95,25.96,-65.05,-29.28,-52.16,-20.42
2995.699,-1.76,37.0,-65.05,-29.0,-57.63,-27.04
2995.703,9.57,46.1,-63.88,-29.17,-58.41,-30.87
2995.707,15.82,53.0,-58.41,-29.72,-55.68,-32.42
2995.711,25.59,57.19,-54.11,-30.23,-51.38,-32.73
2995.715,30.67,57.68,-52.55,-30.16,-47.86,-32.46
2995.719,29.5,53.4,-50.21,-28.95,-45.52,-31.19
2995.723,22.08,44.43,-43.17,-26.29,-40.05,-27.8
2995.727,8.79,32.59,-39.27,-22.42,-32.63,-21.66
2995.73,-1.76,20.62,-35.36,-18.07,-24.42,-13.49
2995.734,-10.35,10.44,-26.76,-14.17,-11.53,-5.3
2995.738,-13.87,2.18,-24.81,-11.45,-5.27,0.89
2995.742,-23.25,-5.25,-25.2,-10.2,-3.32,4.33
2995.746,-37.31,-12.78,-24.81,-10.25,-5.27,5.94
2995.75,-46.3,-20.41,-31.84,-11.23,-5.67,7.5
2995.754,-54.11,-27.27,-38.1,-12.97,-6.45,10.38
2995.758,-64.66,-32.24,-41.61,-15.75,-4.49,14.81
2995.762,-70.53,-34.63,-46.69,-19.97,-2.54,19.96
2995.766,-69.74,-34.67,-57.24,-25.59,-0.2,24.56
2995.77,-71.31,-33.4,-66.23,-31.96,2.54,27.59
2995.773,-72.48,-32.16,-71.7,-38.31,1.37,28.77
2995.777,-73.26,-31.95,-79.9,-44.19,-0.59,28.65
2995.781,-79.12,-33.04,-89.28,-49.17,-4.49,28.43
2995.785,-83.81,-35.07,-96.31,-52.41,-8.79,29.3
2995.789,-90.45,-37.46,-100.61,-52.79,-9.18,31.65
2995.793,-92.8,-39.86,-96.7,-49.6,-2.93,34.9
2995.797,-90.84,-42.44,-84.59,-43.17,2.54,37.86
2995.801,-88.11,-45.54,-72.48,-34.73,8.01,39.56
2995.805,-86.54,-48.88,-60.76,-25.92,13.09,39.69
2995.809,-88.11,-51.16,-49.04,-18.15,15.43,38.4
2995.812,-87.33,-50.77,-38.88,-12.22,14.26,35.92
2995.816,-77.56,-47.0,-33.8,-8.13,15.04,32.26
2995.82,-63.49,-40.31,-27.55,-5.25,13.87,27.27
2995.824,-54.51,-31.6,-18.95,-2.87,11.14,20.85
2995.828,-40.83,-21.34,-12.31,-0.64,8.01,13.28
2995.832,-23.25,-9.82,-6.84,1.35,6.06,5.32
2995.836,-6.45,2.11,-0.98,2.77,2.15,-1.96
2995.84,7.62,12.88,3.32,3.23,0.2,-7.51
2995.844,18.56,21.18,6.06,2.57,-0.59,-10.84
2995.848,25.59,26.92,4.88,1.04,-1.37,-12.31
2995.852,27.16,31.4,-0.59,-0.76,-4.49,-13.09
2995.855,28.72,36.16,-2.93,-2.38,-5.67,-14.41
2995.859,34.19,41.5,-4.88,-3.72,-9.57,-16.69
2995.863,35.36,46.02,-9.57,-4.77,-18.56,-19.13
2995.867,35.75,47.68,-11.92,-5.16,-18.95,-20.35
2995.871,36.14,45.46,-11.14,-4.22,-17.0,-19.57
2995.875,29.11,40.23,-6.06,-1.62,-14.26,-17.28
2995.879,23.25,33.99,1.37,2.34,-8.01,-14.76
2995.883,25.98,28.47,8.79,6.79,-2.15,-12.95
2995.887,27.16,24.45,14.65,10.67,0.98,-11.79
2995.891,24.03,22.23,20.9,12.95,4.49,-10.58
2995.895,24.81,22.07,24.81,12.93,10.74,-8.78
2995.898,31.06,23.86,23.25,10.78,15.04,-6.59
2995.902,37.7,26.67,22.86,7.69,18.56,-4.58
2995.906,42.39,29.26,24.03,5.28,24.42,-3.27
2995.91,49.04,31.16,27.16,4.69,28.72,-2.78
2995.914,52.94,33.21,30.67,5.87,28.33,-3.02
2995.918,56.07,36.76,35.36,7.75,33.02,-3.92
2995.922,67.4,42.15,39.66,9.05,34.58,-5.46
2995.926,75.21,48.06,39.66,9.22,31.45,-7.33
2995.93,76.78,52.3,41.61,8.79,30.28,-8.96
2995.934,80.29,53.37,40.44,8.85,31.45,-9.99
2995.938,79.51,51.48,39.66,9.99,29.11,-10.74
2995.941,71.7,48.4,42.78,11.58,27.55,-11.99
2995.945,69.35,46.22,44.74,12.29,25.2,-14.27
2995.949,70.92,46.06,40.44,11.26,20.9,-17.31
2995.953,70.92,47.66,33.41,8.78,14.65,-20.2
2995.957,68.96,49.97,31.84,5.74,11.92,-22.09
2995.961,70.92,51.83,30.28,2.88,13.48,-22.77
2995.965,74.82,52.33,27.16,0.52,13.09,-22.53
2995.969,75.21,51.06,27.94,-1.16,16.21,-21.69
2995.973,76.78,48.43,31.45,-2.01,22.47,-20.25
2995.977,74.43,45.52,33.02,-2.09,25.98,-18.0
2995.98,73.26,43.36,33.02,-1.77,29.11,-14.73
2995.984,72.09,41.96,37.31,-1.43,36.92,-10.46
2995.988,74.43,40.17,36.14,-1.08,41.22,-5.52
2995.992,70.13,36.66,36.92,-0.04,45.91,-0.42
2995.996,61.15,31.04,42.78,2.72,51.38,4.12
2996.0,57.24,24.16,45.91,7.74,55.68,7.3
2996.004,53.33,17.75,50.99,14.35,56.46,8.52
2996.008,45.91,13.67,59.19,20.58,54.9,7.74
2996.012,42.39,13.19,64.27,24.21,52.16,5.52
2996.016,46.3,16.1,58.02,24.13,46.69,2.76
2996.02,48.25,20.49,51.38,20.95,40.83,0.17
2996.023,47.08,23.71,46.3,16.2,37.7,-1.96
2996.027,45.52,23.9,39.27,11.14,33.41,-3.61
2996.031,41.61,21.2,31.45,6.37,30.28,-4.64
2996.035,37.7,17.7,26.76,2.02,28.33,-4.73
2996.039,31.06,16.08,20.51,-1.92,27.55,-3.78
2996.043,33.02,17.66,13.87,-5.54,28.72,-2.21
2996.047,35.36,21.28,12.7,-8.99,29.11,-0.84
2996.051,37.31,24.08,6.84,-12.21,27.16,-0.34
2996.055,38.1,23.67,0.98,-14.83,26.37,-0.82
2996.059,29.89,19.84,-0.2,-16.31,23.25,-1.79
2996.062,21.29,14.34,0.2,-16.32,21.68,-2.56
2996.066,19.73,9.06,1.37,-14.91,24.81,-2.45
2996.07,20.9,4.64,5.27,-12.44,28.33,-1.06
2996.074,16.21,0.67,13.09,-9.36,30.67,1.59
2996.078,13.87,-3.28,18.56,-5.94,38.1,4.8
2996.082,13.48,-7.15,22.86,-2.11,43.17,7.24
2996.086,11.53,-10.88,29.89,2.23,45.13,7.58
2996.09,9.18,-14.78,36.92,6.87,46.3,5.44
2996.094,6.84,-19.26,42.78,11.15,42.78,1.94
2996.098,0.2,-24.2,44.74,14.47,36.14,-0.87
2996.102,-8.01,-28.72,41.22,16.6,34.19,-1.38
2996.105,-12.7,-31.96,42.78,17.58,36.92,0.57
2996.109,-17.0,-34.04,42.0,17.53,38.49,3.99
2996.113,-20.12,-36.25,38.88,16.77,37.31,7.75
2996.117,-25.98,-40.09,34.58,15.97,40.05,11.4
2996.121,-33.8,-45.87,30.28,15.76,40.83,15.0
2996.125,-46.3,-52.35,27.94,16.12,40.05,18.59
2996.129,-58.02,-57.78,27.16,16.45,40.83,21.92
2996.133,-59.58,-61.22,23.64,16.34,42.0,24.58
2996.137,-60.37,-62.76,18.95,16.19,39.27,26.17
2996.141,-66.62,-62.43,18.17,16.84,37.31,26.29
2996.145,-65.45,-59.54,20.9,18.64,35.75,24.4
2996.148,-58.02,-53.33,22.08,20.97,31.84,19.91
2996.152,-48.25,-44.24,24.03,22.73,23.64,12.71
2996.156,-36.92,-34.06,25.98,23.19,15.43,3.63
2996.16,-26.76,-24.71,25.98,22.54,8.01,-5.59
2996.164,-20.51,-16.97,21.29,21.65,-3.71,-12.93
2996.168,-17.0,-10.32,21.68,21.24,-7.23,-17.03
2996.172,-9.96,-4.15,22.47,21.24,-4.49,-17.6
2996.176,-0.98,0.98,22.86,20.88,-4.1,-15.17
2996.18,-0.2,3.24,23.64,19.6,0.98,-10.49
2996.184,-2.15,0.69,20.9,17.56,9.57,-4.28
2996.188,-6.06,-7.09,16.21,15.36,15.82,2.76
2996.191,-23.25,-18.37,15.82,13.24,21.68,9.87
2996.195,-36.14,-30.09,15.82,10.93,29.89,16.47
2996.199,-40.44,-39.73,11.14,8.29,34.58,22.38
2996.203,-46.69,-46.44,8.01,5.85,40.44,27.69
2996.207,-54.11,-51.01,8.01,4.48,46.3,32.39
2996.211,-56.85,-54.85,9.18,4.58,50.21,36.12
2996.215,-62.32,-59.01,9.18,5.87,51.38,38.35
2996.219,-66.23,-63.53,9.57,7.76,50.21,38.85
2996.223,-67.4,-67.14,12.7,9.9,50.6,37.73
2996.227,-73.65,-67.8,15.04,12.27,47.86,35.31
2996.23,-67.4,-64.02,17.0,14.97,43.17,31.71
2996.234,-58.02,-56.04,22.47,18.03,41.22,26.74
2996.238,-47.08,-45.89,24.03,21.28,33.02,20.3
2996.242,-39.27,-36.08,25.2,24.48,24.42,12.8
2996.246,-35.75,-28.39,29.5,27.49,14.26,5.37
2996.25,-30.67,-23.3,28.33,30.29,8.01,-0.57
2996.254,-27.94,-20.39,27.16,32.65,3.32,-4.0
2996.258,-29.89,-18.78,29.89,33.96,-0.59,-4.73
2996.262,-31.45,-17.57,27.55,33.46,-2.54,-3.51
2996.266,-34.58,-16.46,17.39,31.0,-4.1,-1.59
2996.27,-38.88,-16.06,9.18,27.28,-6.84,-0.09
2996.273,-43.96,-17.64,2.93,23.29,-9.96,0.7
2996.277,-50.6,-22.26,-2.93,19.62,-11.53,1.42
2996.281,-60.37,-29.73,-7.62,16.55,-12.31,3.05
2996.285,-67.79,-38.17,-11.14,14.53,-11.92,5.74
2996.289,-77.95,-44.8,-13.09,14.28,-8.4,8.15
2996.293,-82.64,-47.43,-11.53,16.36,-8.79,8.06
2996.297,-80.29,-45.82,-7.62,20.52,-13.87,4.09
2996.301,-74.82,-41.61,-2.93,25.68,-23.64,-3.13
2996.305,-70.92,-36.77,-0.59,30.3,-32.23,-11.22
2996.309,-68.18,-32.15,2.54,33.1,-38.88,-17.86
2996.312,-66.23,-27.45,6.06,33.63,-41.61,-22.19
2996.316,-56.07,-22.42,2.93,32.38,-43.57,-25.0
2996.32,-50.6,-17.39,-0.59,30.45,-47.86,-27.6
2996.324,-50.6,-12.78,-2.54,28.78,-52.94,-30.48
2996.328,-49.43,-8.31,-7.23,27.63,-59.19,-33.0
2996.332,-45.91,-3.39,-8.79,26.64,-60.37,-33.97
2996.336,-36.53,1.76,-7.62,25.2,-54.51,-32.48
2996.34,-26.76,5.61,-4.49,22.79,-45.91,-28.53
2996.344,-18.95,6.41,0.2,19.22,-33.8,-22.9
2996.348,-14.26,3.99,1.76,14.8,-22.47,-17.01
2996.352,-17.0,0.61,-4.88,10.06,-14.26,-12.49
2996.355,-17.78,-0.32,-2.54,5.26,-10.35,-10.54
2996.359,-9.18,3.25,-6.06,0.13,-8.01,-11.27
2996.363,-2.15,10.39,-13.09,-5.59,-11.92,-13.37
2996.367,6.45,17.9,-16.21,-11.53,-10.74,-14.79
2996.371,17.0,22.86,-20.51,-16.71,-8.01,-14.01
2996.375,16.61,24.7,-23.64,-20.16,-4.1,-10.99
2996.379,13.09,25.2,-21.68,-21.52,-0.2,-7.18
2996.383,19.73,26.66,-22.08,-21.02,4.1,-4.32
2996.387,27.16,30.11,-22.08,-19.32,5.67,-3.27
2996.391,28.33,34.97,-17.0,-17.29,4.88,-3.59
2996.395,34.19,39.79,-12.7,-15.92,6.84,-4.13
2996.398,39.27,42.99,-13.87,-15.71,6.45,-4.04
2996.402,38.1,43.29,-17.39,-16.35,5.67,-3.28
2996.406,31.84,40.2,-18.95,-16.85,5.67,-2.27
2996.41,24.42,34.42,-20.51,-16.3,3.32,-1.25
2996.414,12.31,27.65,-24.81,-14.45,-2.15,-0.05
2996.418,1.37,21.66,-24.81,-11.86,-2.54,1.48
2996.422,-6.06,17.26,-25.98,-9.38,-4.88,3.07
2996.426,-12.31,14.04,-30.67,-7.54,-8.79,4.06
2996.43,-20.9,10.94,-29.11,-6.19,-11.92,3.95
2996.434,-22.08,7.31,-28.72,-4.82,-12.31,2.63
2996.438,-22.08,3.58,-28.33,-3.37,-13.09,0.24
2996.441,-28.72,1.17,-23.64,-2.51,-16.61,-3.08
2996.445,-29.11,1.57,-22.08,-2.9,-20.51,-7.36
2996.449,-22.08,5.28,-29.11,-4.15,-28.33,-12.86
2996.453,-18.17,11.62,-32.23,-4.83,-36.92,-19.92
2996.457,-12.31,19.28,-27.55,-3.88,-43.96,-28.65
2996.461,-0.2,26.99,-21.68,-1.74,-49.43,-38.3
2996.465,10.74,33.74,-17.39,-0.15,-55.68,-47.01
2996.469,20.51,38.88,-12.7,-0.62,-56.85,-52.4
2996.473,30.67,42.5,-10.35,-3.31,-52.16,-52.88
2996.477,36.14,45.47,-11.14,-7.11,-44.35,-48.83
2996.48,41.22,48.86,-10.74,-10.64,-32.63,-42.37
2996.484,51.38,52.88,-7.62,-13.33,-21.29,-35.93
2996.488,60.37,56.64,-8.4,-15.56,-15.43,-30.83
2996.492,63.49,58.95,-8.01,-18.06,-9.57,-26.97
2996.496,63.49,59.3,-8.4,-21.11,-4.49,-23.76
2996.5,62.71,58.06,-12.7,-24.33,-0.98,-21.02
2996.504,60.76,55.96,-20.51,-27.26,-0.2,-18.99
2996.508,54.11,53.56,-22.86,-29.93,-2.54,-17.54
2996.512,46.3,51.06,-27.94,-32.77,-6.45,-15.95
2996.516,40.44,48.31,-38.49,-35.8,-8.4,-13.33
2996.52,34.58,44.83,-44.74,-38.29,-6.06,-9.55
2996.523,25.98,40.0,-46.69,-39.34,-4.1,-5.31
2996.527,16.61,33.39,-47.86,-38.73,-2.54,-1.48
2996.531,8.01,25.38,-49.04,-37.04,-2.54,1.65
2996.535,-0.98,17.49,-48.64,-35.05,-3.32,4.15
2996.539,-11.53,12.13,-50.21,-33.14,-3.71,5.82
2996.543,-13.48,11.27,-49.43,-31.25,-2.93,5.91
2996.547,-8.4,14.85,-45.13,-29.11,-4.1,3.85
2996.551,-2.93,20.29,-42.78,-26.46,-8.79,0.39
2996.555,4.1,23.96,-40.44,-23.1,-11.14,-2.33
2996.559,4.1,23.4,-32.63,-18.87,-9.18,-2.08
2996.562,-2.15,18.71,-23.25,-13.61,-2.93,1.75
2996.566,0.2,12.01,-15.04,-7.22,8.79,7.54
2996.57,0.2,5.88,-1.76,0.15,21.29,12.54
2996.574,0.59,2.1,14.26,7.72,27.55,14.68
2996.578,4.49,1.17,24.81,14.28,28.72,13.6
2996.582,7.62,2.49,29.5,18.73,29.11,10.13
2996.586,12.7,4.9,33.41,20.56,25.59,5.07
2996.59,14.65,7.42,33.02,19.95,18.95,-1.33
2996.594,15.04,9.78,31.06,17.64,13.09,-8.96
2996.598,22.08,12.38,31.06,14.82,4.1,-17.11
2996.602,25.59,15.92,25.98,12.86,-4.49,-24.46
2996.605,28.33,20.82,27.94,12.72,-6.45,-29.89
2996.609,37.7,26.73,31.45,14.33,-8.4,-33.06
2996.613,41.61,32.37,33.02,16.83,-12.7,-34.31
2996.617,43.17,36.08,34.19,19.14,-12.7,-34.08
2996.621,46.3,36.67,31.45,20.43,-12.7,-32.65
2996.625,38.49,34.14,31.06,20.24,-13.48,-30.19
2996.629,27.55,29.51,28.33,18.47,-11.53,-26.99
2996.633,25.98,24.03,22.86,15.62,-9.57,-23.41
2996.637,20.9,18.75,16.61,12.65,-8.01,-19.81
2996.641,11.92,14.59,13.87,10.23,-6.06,-16.4
2996.645,6.06,12.22,11.92,8.15,-4.1,-13.27
2996.648,5.27,11.4,6.06,5.58,-3.32,-10.35
2996.652,5.27,10.78,0.2,1.9,-2.54,-7.58
2996.656,-1.76,8.7,-5.27,-2.61,-1.76,-4.95
2996.66,-6.06,4.82,-11.92,-6.92,-1.37,-2.63
2996.664,-12.31,0.7,-19.34,-9.96,-4.49,-0.99
2996.668,-19.34,-1.19,-20.12,-11.35,-2.15,-0.4
2996.672,-14.26,0.46,-18.95,-11.63,-2.15,-0.89
2996.676,-6.45,4.54,-18.95,-11.7,-2.93,-1.86
2996.68,-3.32,7.96,-15.43,-11.99,-1.37,-2.18
2996.684,-4.1,7.57,-15.82,-12.18,1.37,-0.77
2996.688,-4.88,2.11,-17.39,-11.6,5.27,2.83
2996.691,-17.39,-7.1,-13.48,-9.96,9.96,8.2
2996.695,-31.84,-17.09,-10.35,-7.62,15.82,14.31
2996.699,-35.75,-25.14,-10.74,-5.22,19.73,19.93
2996.703,-41.22,-30.23,-12.7,-3.21,21.68,23.98
2996.707,-50.99,-33.07,-10.74,-1.93,22.08,25.84
2996.711,-52.94,-35.17,-11.14,-1.65,21.68,25.58
2996.715,-53.72,-37.73,-14.26,-2.29,17.0,23.97
2996.719,-60.76,-40.87,-16.21,-3.2,14.65,22.06
2996.723,-61.54,-43.45,-14.26,-3.37,13.87,20.42
2996.727,-61.15,-43.61,-15.82,-2.12,10.74,18.69
2996.73,-61.54,-39.93,-12.7,0.35,9.18,15.86
2996.734,-50.21,-32.32,-6.84,3.06,4.49,11.17
2996.738,-38.1,-22.1,-7.62,4.86,-0.59,4.97
2996.742,-26.37,-11.15,-4.88,5.04,-6.45,-1.32
2996.746,-17.39,-0.96,-2.15,3.65,-9.57,-6.01
2996.75,-3.32,7.83,-4.1,1.22,-8.01,-8.29
2996.754,10.35,15.47,-6.06,-1.76,-5.27,-8.68
2996.758,17.39,22.83,-1.76,-5.26,-0.98,-8.54
2996.762,27.55,30.71,-0.98,-9.51,0.98,-9.12
2996.766,44.35,38.95,-6.84,-14.36,2.15,-10.92
2996.77,49.82,45.99,-11.14,-19.2,0.98,-13.56
2996.773,50.99,49.42,-12.31,-23.5,-1.37,-15.98
2996.777,50.6,47.22,-18.17,-27.25,-2.54,-16.68
2996.781,42.0,38.97,-21.68,-30.58,-0.98,-14.17
2996.785,30.28,26.32,-22.86,-33.15,4.1,-7.73
2996.789,13.87,12.42,-26.37,-34.17,15.04,1.97
2996.793,4.1,0.24,-23.64,-33.01,28.72,13.03
2996.797,-5.27,-9.12,-17.39,-29.96,39.66,23.42
2996.801,-11.14,-16.78,-13.09,-26.19,48.25,32.21
2996.805,-13.48,-24.55,-10.35,-23.1,56.46,39.63
2996.809,-25.2,-32.97,-8.01,-21.67,63.49,46.03
2996.812,-36.14,-40.76,-6.84,-22.03,68.96,50.95
2996.816,-39.66,-45.94,-9.18,-23.48,71.31,53.25
2996.82,-39.27,-47.43,-15.43,-24.79,68.18,52.19
2996.824,-44.35,-45.31,-17.78,-24.81,58.8,48.45
2996.828,-44.74,-40.3,-17.0,-23.04,49.04,43.77
2996.832,-39.27,-33.32,-20.9,-19.61,43.96,39.74
2996.836,-31.45,-25.63,-16.61,-15.21,40.83,36.76
2996.84,-23.64,-18.66,-7.62,-10.9,38.88,34.06
2996.844,-16.21,-13.4,-3.71,-7.69,38.1,30.67
2996.848,-9.57,-9.66,-0.98,-6.12,34.58,26.26
2996.852,-8.01,-6.08,-3.32,-6.15,26.37,21.2
2996.855,-6.84,-1.1,-5.27,-7.58,23.25,16.02
2996.859,0.2,5.67,-8.79,-10.45,15.43,11.07
2996.863,6.45,12.96,-15.43,-14.74,6.84,6.55
2996.867,8.79,18.72,-22.86,-19.89,2.93,2.79
2996.871,12.31,21.55,-31.45,-24.85,-1.76,0.3
2996.875,7.23,21.51,-37.7,-28.7,-6.06,-0.48
2996.879,-2.54,19.34,-40.05,-30.98,-8.4,0.57
2996.883,-5.27,15.3,-46.3,-31.48,-9.57,3.02
2996.887,-11.92,8.95,-50.6,-30.08,-10.35,5.96
2996.891,-29.89,0.21,-50.21,-26.92,-12.31,8.42
2996.895,-45.52,-9.87,-49.43,-22.82,-14.65,10.05
2996.898,-58.02,-19.65,-51.77,-18.94,-18.17,11.43
2996.902,-73.26,-28.21,-54.51,-16.02,-24.03,13.65
2996.906,-84.59,-35.81,-56.46,-13.83,-23.64,17.36
2996.91,-93.58,-42.95,-56.85,-11.46,-20.51,21.94
2996.914,-101.78,-49.15,-56.46,-8.24,-20.51,25.63
2996.918,-106.86,-52.56,-51.38,-4.59,-18.17,26.52
2996.922,-101.0,-51.04,-45.91,-2.05,-16.21,23.77
2996.926,-90.84,-43.66,-43.96,-2.24,-23.64,18.1
2996.93,-77.56,-31.63,-42.0,-5.43,-25.98,11.37
2996.934,-55.68,-17.81,-43.17,-10.11,-24.42,5.26
2996.938,-35.75,-5.27,-43.57,-14.05,-25.98,0.47
2996.941,-25.59,4.29,-38.49,-15.97,-23.64,-3.18
2996.945,-15.43,10.96,-32.23,-16.28,-21.68,-6.03
2996.949,-2.15,15.66,-29.89,-16.33,-21.29,-7.97
2996.953,4.88,18.94,-27.94,-17.14,-17.0,-8.6
2996.957,9.96,20.5,-21.68,-18.82,-9.57,-7.78
2996.961,15.04,19.44,-18.95,-20.86,-2.54,-5.82
2996.965,15.04,14.96,-18.17,-22.54,2.93,-3.05
2996.969,6.45,7.03,-15.82,-23.18,8.79,0.57
2996.973,2.54,-3.17,-13.48,-22.41,15.04,5.27
2996.977,-9.57,-13.45,-10.74,-20.26,20.51,10.94
2996.98,-18.95,-21.51,-6.84,-17.17,28.72,16.76
2996.984,-20.12,-26.19,-1.76,-13.77,34.58,21.63
2996.988,-20.51,-28.0,0.59,-10.63,37.7,25.01
2996.992,-20.9,-28.72,5.27,-8.05,41.22,27.3
2996.996,-21.68,-30.23,10.74,-6.02,44.35,29.32
2997.0,-21.29,-33.46,12.31,-4.42,49.43,31.53
2997.004,-22.47,-37.73,13.48,-3.3,53.72,33.56
2997.008,-28.33,-41.01,17.78,-2.99,54.9,34.66
2997.012,-25.98,-41.21,19.73,-3.63,55.68,34.34
2997.016,-20.9,-37.8,17.39,-4.58,55.29,32.69
2997.02,-14.26,-32.36,17.0,-4.63,53.33,30.06
2997.023,-6.45,-27.43,21.29,-3.03,52.16,26.68
2997.027,-6.06,-24.51,26.37,-0.33,47.86,22.47
2997.031,-2.15,-22.77,27.16,2.13,42.0,17.13
2997.035,0.2,-19.65,28.72,3.45,34.97,10.37
2997.039,4.1,-12.78,25.98,3.97,24.42,2.16
2997.043,12.31,-1.98,25.2,4.95,14.26,-7.12
2997.047,24.42,10.24,27.94,7.57,3.32,-16.5
2997.051,34.97,20.31,31.06,12.18,-7.23,-24.65
2997.055,42.39,26.17,35.75,18.18,-12.31,-30.38
2997.059,42.39,28.75,43.57,24.3,-13.87,-33.33
2997.062,42.39,30.79,51.77,29.4,-14.65,-34.11
2997.066,51.38,34.27,54.9,33.06,-11.14,-33.95
2997.07,62.32,38.85,58.8,35.68,-10.35,-34.1
2997.074,61.93,42.7,63.49,37.86,-11.53,-35.38
2997.078,65.05,44.44,66.62,39.73,-13.09,-38.0
2997.082,64.66,43.99,65.05,40.81,-16.61,-41.5
2997.086,61.15,42.05,65.05,40.26,-20.51,-44.71
2997.09,58.02,38.97,61.93,37.45,-22.08,-45.88
2997.094,55.29,34.46,56.85,32.48,-20.12,-43.26
2997.098,47.86,28.08,51.77,26.4,-14.26,-36.11
2997.102,38.1,20.06,42.39,20.72,-3.71,-25.59
2997.105,28.72,11.58,37.31,16.37,7.23,-14.52
2997.109,21.29,4.24,35.75,13.01,15.43,-5.98
2997.113,14.65,-0.71,29.11,9.4,15.43,-1.6
2997.117,9.57,-3.13,24.03,4.6,16.61,-0.79
2997.121,13.87,-3.95,17.39,-1.35,17.39,-1.47
2997.125,12.31,-4.7,12.7,-7.58,17.39,-1.42
2997.129,6.45,-6.52,10.35,-13.11,21.68,0.55
2997.133,13.09,-9.47,6.06,-17.36,25.98,4.29
2997.137,11.53,-12.25,2.93,-20.33,31.84,8.72
2997.141,8.01,-12.77,6.06,-22.61,38.88,12.54
2997.145,17.0,-9.79,8.79,-25.05,45.91,14.93
2997.148,25.98,-4.42,6.06,-28.08,49.82,16.0
2997.152,33.41,0.22,3.32,-31.49,49.82,16.6
2997.156,33.8,1.43,-0.2,-34.56,49.43,17.65
2997.16,25.2,-0.66,-5.67,-36.63,47.08,19.28
2997.164,18.56,-3.24,-11.53,-37.25,45.91,20.79
2997.168,17.0,-3.47,-8.4,-36.22,47.47,21.3
2997.172,24.42,-1.12,-4.88,-33.48,47.08,20.65
2997.176,25.98,1.36,-5.27,-29.17,42.0,19.66
2997.18,17.78,1.16,-1.76,-23.66,36.92,19.37
2997.184,6.06,-2.63,-3.32,-17.61,31.84,20.05
2997.188,-4.88,-8.77,-8.4,-12.01,25.2,21.01
2997.191,-22.86,-15.55,-9.18,-7.86,17.78,21.32
2997.195,-34.58,-22.42,-10.35,-5.51,11.53,20.81
2997.199,-44.35,-30.01,-18.56,-4.31,2.54,19.96
2997.203,-59.58,-38.74,-25.98,-2.85,-4.88,19.04
2997.207,-81.07,-47.63,-25.59,-0.1,-10.74,17.38
2997.211,-89.28,-54.97,-25.98,4.02,-18.56,13.95
2997.215,-98.66,-60.26,-25.98,8.99,-29.11,8.7
2997.219,-106.08,-65.08,-22.47,14.54,-35.75,3.31
2997.223,-106.08,-71.66,-15.82,20.79,-39.66,0.25
2997.227,-122.1,-80.48,-9.96,27.65,-40.05,0.85
2997.23,-132.65,-89.2,-2.93,34.36,-35.75,4.05
2997.234,-129.91,-94.05,4.49,39.72,-31.06,6.94
2997.238,-130.7,-92.39,8.01,42.78,-29.89,6.79
2997.242,-117.8,-84.42,12.7,43.51,-30.28,3.05
2997.246,-101.39,-73.12,18.17,42.85,-32.23,-2.41
2997.25,-86.94,-62.51,20.12,42.07,-31.06,-6.68
2997.254,-72.48,-55.42,23.64,41.94,-27.16,-7.76
2997.258,-65.45,-51.99,32.23,42.37,-19.73,-5.63
2997.262,-58.8,-49.95,39.66,42.82,-10.35,-1.9
2997.266,-48.64,-46.63,43.57,43.07,0.2,1.43
2997.27,-32.63,-40.98,50.99,43.4,8.79,3.2
2997.273,-22.08,-34.21,58.41,43.99,15.04,3.57
2997.277,-12.31,-28.65,64.27,44.47,19.34,3.66
2997.281,-4.49,-25.86,67.79,44.25,24.03,4.61
2997.285,1.76,-25.44,70.53,43.26,29.89,6.73
2997.289,0.2,-25.41,70.13,41.92,35.36,9.19
2997.293,6.45,-23.78,73.26,40.48,42.0,10.7
2997.297,17.39,-20.2,77.95,38.47,44.74,10.59
2997.301,23.64,-15.97,76.78,34.95,47.08,9.39
2997.305,31.45,-12.55,72.48,29.27,49.82,8.41
2997.309,34.97,-10.16,66.62,21.66,49.82,8.78
2997.312,31.45,-7.66,59.19,13.28,50.6,10.42
2997.316,35.36,-3.91,45.91,5.89,49.82,12.06
2997.32,39.66,1.21,37.7,1.14,46.69,11.98
2997.324,43.17,7.0,36.14,-0.31,41.22,9.21
2997.328,43.17,12.76,35.75,0.87,34.19,4.15
2997.332,48.25,17.99,33.8,3.11,26.37,-1.58
2997.336,52.94,21.96,34.58,4.85,20.12,-6.1
2997.34,49.43,23.49,35.36,5.38,17.39,-8.18
2997.344,50.21,21.6,33.8,5.21,16.61,-7.74
2997.348,44.74,16.53,33.8,5.76,18.95,-5.7
2997.352,37.31,10.08,34.97,8.41,19.73,-3.4
2997.355,29.89,4.7,40.05,13.31,21.29,-2.05
2997.359,26.76,1.92,45.52,19.09,21.29,-2.16
2997.363,22.86,1.21,46.69,23.94,13.48,-3.41
2997.367,17.78,0.51,45.52,26.99,8.79,-4.87
2997.371,11.92,-2.19,38.88,28.84,2.15,-5.67
2997.375,-3.71,-7.37,34.58,30.84,-4.49,-5.38
2997.379,-19.34,-13.96,33.41,33.92,-9.96,-4.09
2997.383,-26.76,-20.46,31.06,38.07,-13.09,-2.12
2997.387,-36.14,-26.05,29.11,42.53,-17.0,0.15
2997.391,-47.08,-30.81,29.89,46.16,-18.17,2.35
2997.395,-53.72,-35.36,32.63,47.96,-15.04,4.31
2997.398,-58.8,-40.36,29.11,47.38,-15.43,6.2
2997.402,-61.15,-45.68,25.2,44.49,-15.43,8.34
2997.406,-65.45,-49.49,22.86,39.69,-9.96,10.47
2997.41,-64.66,-48.44,18.95,33.4,-8.79,11.33
2997.414,-52.16,-39.39,11.53,26.03,-9.96,9.03
2997.418,-32.23,-21.97,9.57,18.13,-7.62,2.41
2997.422,0.98,0.49,9.96,10.34,-11.53,-7.75
2997.426,32.23,22.74,8.79,3.3,-19.34,-18.82
2997.43,54.9,40.87,11.53,-2.46,-19.34,-27.96
2997.434,74.04,54.38,12.7,-6.57,-19.73,-34.07
2997.438,88.5,65.41,11.53,-8.93,-19.34,-38.16
2997.441,100.22,76.03,14.65,-9.76,-19.34,-41.9
2997.445,112.72,86.05,20.51,-9.28,-23.64,-45.69
2997.449,123.66,93.13,18.56,-7.41,-27.16,-48.34
2997.453,125.62,95.09,19.34,-3.94,-27.94,-48.35
2997.457,114.68,91.92,25.59,0.71,-24.81,-45.45
2997.461,109.99,85.52,30.67,5.18,-18.95,-40.77
2997.465,103.74,77.7,32.63,7.9,-15.04,-35.55
2997.469,95.92,68.74,33.02,8.26,-9.96,-30.03
2997.473,86.54,58.01,31.45,6.94,-4.1,-23.6
2997.477,69.35,45.72,25.2,5.28,0.2,-15.94
2997.48,49.43,33.67,20.9,4.28,5.27,-7.74
2997.484,39.66,23.95,20.51,4.04,11.92,-0.38
2997.488,36.14,17.39,17.0,4.03,14.26,5.05
2997.492,29.11,13.16,16.61,3.73,16.61,8.39
2997.496,22.86,9.98,17.0,3.12,17.78,10.04
2997.5,22.47,7.37,13.09,2.59,17.39,10.17
2997.504,20.12,6.09,11.92,2.47,16.21,8.48
2997.508,19.73,7.47,15.82,2.65,12.7,4.73
2997.512,30.28,12.28,17.39,2.86,8.01,-0.65
2997.516,36.53,19.87,17.78,3.2,3.71,-6.6
2997.52,49.04,28.15,20.51,4.26,0.98,-12.1
2997.523,57.63,34.53,26.37,6.45,-0.2,-16.69
2997.527,60.37,37.15,31.45,9.44,-3.32,-20.41
2997.531,59.58,35.85,33.02,12.34,-6.84,-23.24
2997.535,58.02,32.21,34.19,14.43,-9.57,-24.86
2997.539,45.52,28.63,30.67,15.53,-14.26,-24.92
2997.543,42.0,26.63,29.11,15.91,-13.09,-23.51
2997.547,41.22,25.57,28.72,15.9,-13.09,-21.15
2997.551,35.36,23.0,25.2,15.74,-14.26,-18.4
2997.555,28.72,16.78,18.95,15.49,-14.65,-15.54
2997.559,10.35,7.04,13.87,14.97,-17.0,-12.63
2997.562,-12.31,-3.73,8.4,14.02,-22.08,-9.76
2997.566,-24.03,-12.67,-2.54,12.82,-26.76,-7.16
2997.57,-34.58,-18.44,-13.09,11.95,-31.45,-5.1
2997.574,-45.91,-21.43,-15.82,11.87,-36.14,-3.72
2997.578,-51.77,-22.61,-19.73,12.35,-40.83,-3.0
2997.582,-56.46,-22.82,-25.59,12.67,-44.35,-2.78
2997.586,-61.15,-22.92,-27.94,12.18,-46.3,-2.88
2997.59,-57.63,-23.99,-29.89,10.63,-48.25,-3.03
2997.594,-63.88,-26.79,-33.02,8.23,-47.86,-2.9
2997.598,-68.57,-30.68,-35.75,5.39,-47.47,-2.27
2997.602,-68.18,-33.31,-40.05,2.5,-48.25,-1.36
2997.605,-68.96,-31.75,-41.61,-0.38,-45.91,-1.08
2997.609,-61.93,-24.6,-41.61,-3.46,-43.96,-2.5
2997.613,-43.17,-13.38,-42.39,-6.71,-46.69,-6.08
2997.617,-25.59,-1.79,-39.27,-9.63,-45.13,-11.22
2997.621,-10.74,6.83,-36.14,-11.55,-43.17,-16.67
2997.625,1.76,11.96,-29.89,-12.19,-43.57,-21.45
2997.629,7.23,15.84,-20.12,-11.78,-39.27,-25.26
2997.633,20.12,21.16,-14.26,-10.48,-35.75,-28.25
2997.637,37.31,28.44,-9.57,-8.21,-33.41,-30.38
2997.641,47.86,35.62,0.2,-5.18,-29.89,-31.1
2997.645,52.55,39.77,8.4,-2.52,-22.86,-29.57
2997.648,58.02,39.17,9.57,-1.99,-17.78,-25.2
2997.652,52.94,34.16,7.23,-4.74,-9.96,-17.97
2997.656,42.0,26.54,3.32,-10.19,1.76,-8.45
2997.66,39.66,18.17,-1.37,-16.18,13.09,2.45
2997.664,30.67,9.95,-8.4,-20.15,22.86,13.74
2997.668,18.56,1.87,-7.23,-20.89,34.19,24.44
2997.672,14.65,-6.15,-6.06,-19.17,44.35,33.59
2997.676,4.88,-13.44,-6.45,-17.05,45.91,40.38
2997.68,-6.84,-18.69,-6.45,-16.12,48.64,44.26
2997.684,-8.4,-21.05,-9.18,-16.41,50.21,45.18
2997.688,-6.45,-21.18,-12.31,-16.77,47.08,43.82
2997.691,-9.18,-20.92,-11.14,-16.17,42.78,41.5
2997.695,-13.09,-21.76,-8.79,-14.48,39.66,39.56
2997.699,-14.65,-23.5,-10.74,-12.33,35.75,38.36
2997.703,-15.04,-24.29,-13.09,-10.37,32.23,36.83
2997.707,-22.47,-22.39,-9.96,-8.96,29.5,33.31
2997.711,-12.7,-18.14,-8.4,-8.19,24.03,27.06
2997.715,-7.23,-14.33,-8.79,-7.82,13.87,19.29
2997.719,-8.01,-14.13,-10.35,-7.34,6.06,12.44
2997.723,-14.65,-18.03,-11.92,-6.4,-0.2,8.26
2997.727,-26.76,-23.12,-14.26,-5.1,-6.06,6.45
2997.73,-32.23,-25.42,-14.65,-3.93,-9.96,5.04
2997.734,-29.5,-23.38,-13.87,-3.2,-9.96,2.24
2997.738,-17.39,-18.95,-14.65,-2.76,-16.21,-1.98
2997.742,-17.39,-15.54,-12.7,-2.33,-19.34,-5.77
2997.746,-18.56,-15.03,-8.79,-1.9,-19.34,-7.03
2997.75,-18.17,-16.68,-10.74,-1.71,-17.0,-5.3
2997.754,-17.78,-18.33,-11.53,-1.89,-13.87,-2.27
2997.758,-20.51,-18.21,-8.4,-2.2,-9.96,-0.56
2997.762,-13.48,-15.87,-8.4,-2.18,-9.57,-1.73
2997.766,-7.23,-11.98,-6.84,-1.47,-14.65,-5.14
2997.77,-2.15,-7.67,-1.76,-0.2,-13.09,-8.49
2997.773,6.45,-3.99,4.1,0.88,-8.79,-9.55
2997.777,14.26,-1.74,10.74,0.95,-0.98,-7.45
2997.781,21.68,-1.32,14.26,-0.21,9.18,-2.78
2997.785,28.72,-2.3,19.34,-2.03,21.29,3.05
2997.789,31.84,-3.24,22.47,-3.7,33.02,8.63
2997.793,34.58,-2.4,24.03,-4.89,40.05,12.9
2997.797,38.1,1.1,27.16,-5.78,43.17,15.31
2997.801,44.74,6.47,23.64,-6.49,43.17,15.79
2997.805,51.38,11.78,18.95,-6.72,40.44,14.81
2997.809,51.38,15.37,21.68,-6.06,37.7,13.22
2997.812,47.86,16.6,23.64,-4.5,35.75,11.99
2997.816,51.38,15.65,24.03,-2.36,37.31,11.77
2997.82,51.38,13.01,25.98,-0.09,36.53,12.59
2997.824,42.78,9.5,28.72,1.98,37.31,13.82
2997.828,40.05,6.27,29.11,3.62,36.53,14.47
2997.832,36.14,4.29,26.76,4.71,34.97,13.75
2997.836,32.23,3.52,26.37,5.18,31.06,11.55
2997.84,29.11,2.86,22.86,4.87,24.03,8.55
2997.844,26.76,1.17,19.34,3.64,17.78,5.76
2997.848,18.56,-1.35,12.31,1.49,12.31,3.85
2997.852,10.74,-2.76,0.98,-1.39,3.71,2.65
2997.855,8.01,-0.76,-3.71,-4.85,1.37,1.32
2997.859,13.09,5.21,-5.67,-8.67,-0.2,-0.93
2997.863,24.81,12.97,-11.14,-12.23,-7.23,-4.06
2997.867,33.02,18.88,-10.74,-14.44,-5.67,-7.13
2997.871,38.88,20.46,-9.57,-14.6,-2.15,-8.94
2997.875,37.31,18.0,-1.76,-13.23,-0.59,-8.88
2997.879,33.8,13.9,4.49,-11.85,4.49,-7.18
2997.883,36.14,10.61,4.49,-11.82,11.14,-4.77
2997.887,40.05,9.26,3.71,-13.34,12.7,-2.67
2997.891,39.66,10.08,0.98,-15.9,13.48,-1.6
2997.895,38.1,13.13,0.2,-19.14,16.61,-1.82
2997.898,45.13,18.14,-2.15,-23.1,15.43,-3.26
2997.902,59.19,23.9,-3.71,-27.6,15.04,-5.52
2997.906,66.62,28.71,-6.06,-31.71,16.61,-8.07
2997.91,68.57,31.85,-5.27,-34.14,17.78,-10.49
2997.914,76.0,34.56,-4.88,-34.18,14.26,-12.71
2997.918,78.73,39.21,-0.98,-32.36,14.26,-15.17
2997.922,87.72,47.33,2.54,-30.15,14.26,-18.46
2997.926,102.56,57.96,4.88,-28.83,8.79,-22.68
2997.93,114.29,67.85,9.18,-28.49,5.67,-26.93
2997.934,120.54,73.46,8.01,-28.09,8.01,-29.68
2997.938,125.23,73.36,11.53,-26.76,9.96,-29.74
2997.941,122.1,69.28,19.34,-24.75,13.48,-27.01
2997.945,116.24,64.91,23.25,-23.02,19.73,-22.56
2997.949,117.02,63.28,21.29,-21.76,24.03,-18.21
2997.953,118.19,64.7,20.12,-19.66,24.03,-15.72
2997.957,115.46,66.79,25.98,-15.09,24.03,-16.09
2997.961,119.37,66.45,32.63,-7.95,22.47,-19.11
2997.965,114.29,62.12,42.39,-0.38,15.43,-23.34
2997.969,107.25,54.96,48.25,4.48,14.26,-26.8
2997.973,104.52,48.13,48.25,4.54,16.21,-27.94
2997.977,97.88,44.77,45.13,-0.07,18.17,-26.5
2997.98,101.78,46.04,38.1,-7.41,19.34,-23.46
2997.984,106.08,50.49,31.45,-15.05,27.16,-20.36
2997.988,114.68,55.33,23.64,-21.33,25.2,-18.27
2997.992,113.5,58.49,18.17,-25.62,24.81,-17.43
2997.996,106.86,59.72,15.04,-27.84,23.25,-17.55
2998.0,109.6,60.03,9.57,-27.92,18.56,-18.63
2998.004,107.25,60.4,8.01,-25.91,13.09,-21.09
2998.008,101.39,61.19,7.62,-22.42,2.93,-25.23
2998.012,99.44,62.22,9.57,-18.68,-3.32,-30.48
2998.016,96.7,62.86,7.23,-15.88,-11.92,-35.14
2998.02,93.58,62.08,6.45,-14.44,-17.39,-37.12
2998.023,87.33,58.61,4.88,-13.82,-18.56,-35.14
2998.027,75.6,51.55,0.59,-13.07,-15.82,-29.52
2998.031,62.71,41.25,-0.98,-11.43,-12.31,-21.96
2998.035,50.99,29.67,0.59,-8.92,-7.23,-14.66
2998.039,36.53,19.91,-0.98,-6.45,-0.2,-9.26
2998.043,32.23,14.52,3.71,-5.49,1.37,-6.39
2998.047,35.75,14.0,8.4,-6.97,2.54,-5.72
2998.051,42.78,16.53,0.98,-10.42,7.62,-6.68
2998.055,49.43,19.66,1.76,-14.17,9.18,-8.94
2998.059,54.51,22.09,6.06,-16.62,8.01,-12.29
2998.062,54.51,23.96,7.23,-17.29,7.62,-16.16
2998.066,61.15,25.48,8.4,-16.74,4.88,-19.22
2998.07,66.62,26.03,11.14,-15.87,6.45,-19.88
2998.074,63.1,24.76,11.14,-15.27,9.57,-17.29
2998.078,58.8,21.97,11.53,-15.13,13.48,-12.22
2998.082,52.94,19.18,10.35,-15.18,17.39,-7.1
2998.086,51.77,17.61,8.79,-14.89,18.17,-4.77
2998.09,48.64,16.72,6.45,-13.66,14.26,-6.78
2998.094,44.35,14.49,7.62,-11.16,5.67,-12.31
2998.098,34.58,9.43,8.01,-7.59,-4.1,-18.41
2998.102,22.08,2.35,0.2,-3.75,-13.48,-21.77
2998.105,10.74,-3.93,8.79,-0.74,-20.9,-20.57
2998.109,6.45,-6.8,2.54,0.67,-7.62,-15.35
2998.113,6.45,-6.12,3.71,0.7,-5.67,-8.22
2998.117,11.92,-4.31,6.06,0.48,2.15,-1.23
2998.121,17.0,-4.05,5.27,1.05,11.53,4.46
2998.125,9.57,-5.83,8.79,2.41,13.48,8.36
2998.129,8.4,-7.8,14.26,3.68,16.21,10.06
2998.133,12.31,-7.76,13.87,4.24,19.73,9.23
2998.137,17.39,-5.15,12.31,4.46,18.56,6.11
2998.141,22.86,-1.15,17.39,5.07,12.31,1.76
2998.145,27.16,2.7,22.86,6.13,10.74,-2.41
2998.148,32.23,5.54,22.08,6.87,10.35,-5.56
2998.152,35.36,7.21,22.86,6.52,9.57,-7.78
2998.156,36.14,7.74,25.98,5.11,9.18,-9.43
2998.16,37.7,7.13,21.68,3.38,11.14,-10.35
2998.164,36.92,5.46,18.17,1.99,8.4,-9.6
2998.168,31.84,3.02,26.37,1.02,8.79,-6.4
2998.172,30.28,0.13,17.0,0.14,22.08,-1.14
2998.176,27.55,-3.14,15.04,-0.7,22.86,4.61
2998.18,18.95,-7.02,21.29,-1.07,26.37,9.17
2998.184,16.61,-12.02,16.21,-0.32,29.5,11.87
2998.188,9.57,-18.64,13.48,1.86,27.55,13.15
2998.191,-5.67,-27.01,20.12,5.18,24.81,14.04
2998.195,-21.29,-36.63,16.61,8.99,22.86,15.45
2998.199,-35.75,-46.39,9.96,12.63,18.17,17.85
2998.203,-49.82,-54.83,6.45,15.36,11.92,21.3
2998.207,-67.4,-60.69,1.76,16.27,9.18,25.47
2998.211,-77.56,-63.83,-8.01,14.95,6.06,29.71
2998.215,-88.11,-65.72,-19.73,12.57,0.59,33.25
2998.219,-98.66,-68.66,-27.55,11.74,-3.32,35.67
2998.223,-103.74,-73.82,-31.06,14.51,-6.45,37.1
2998.227,-117.8,-79.57,-30.67,20.13,-11.92,37.98
2998.23,-124.84,-82.08,-24.03,25.1,-15.43,38.48
2998.234,-122.1,-78.03,-25.59,25.72,-13.09,38.08
2998.238,-109.99,-67.51,-33.02,21.35,-16.61,36.0
2998.242,-95.14,-54.33,-37.7,14.97,-20.51,32.24
2998.246,-84.59,-43.76,-37.31,10.79,-22.08,27.98
2998.25,-70.92,-39.0,-39.27,10.91,-22.47,24.87
2998.254,-72.48,-39.22,-31.06,13.88,-20.51,23.69
2998.258,-75.6,-40.37,-18.95,16.33,-17.0,23.58
2998.262,-63.1,-38.46,-19.34,16.13,-13.48,22.68
2998.266,-54.9,-32.59,-21.68,14.12,-13.09,19.68
2998.27,-46.69,-25.47,-19.34,12.72,-16.61,15.06
2998.273,-35.75,-21.16,-17.0,13.05,-17.78,10.88
2998.277,-41.22,-22.11,-12.31,13.79,-18.95,9.18
2998.281,-47.47,-27.78,-11.53,12.97,-17.39,10.4
2998.285,-49.43,-35.44,-12.31,10.62,-12.31,13.04
2998.289,-54.9,-41.88,-20.9,9.15,-11.92,14.78
2998.293,-59.58,-44.7,-17.78,10.8,-9.18,14.26
2998.297,-60.37,-42.9,-6.45,15.01,-10.74,12.01
2998.301,-47.47,-37.07,1.37,18.6,-16.21,9.77
2998.305,-36.14,-29.03,-2.93,18.72,-10.74,8.7
2998.309,-30.28,-20.94,-4.49,15.38,-9.18,8.23
2998.312,-24.03,-14.48,-4.49,11.25,-13.09,6.65
2998.316,-18.17,-10.27,-12.31,9.18,-14.65,2.82
2998.32,-14.26,-7.79,-11.92,9.76,-18.95,-2.64
2998.324,-14.65,-5.65,2.15,11.07,-29.89,-7.82
2998.328,-9.18,-2.63,-6.45,10.86,-28.72,-11.03
2998.332,-5.27,1.11,-13.48,8.69,-26.76,-11.93
2998.336,-5.67,3.86,-8.79,5.81,-27.94,-11.26
2998.34,0.2,3.8,-13.48,3.24,-26.76,-9.63
2998.344,-2.93,0.8,-13.87,0.57,-22.86,-7.1
2998.348,-7.62,-3.03,-13.87,-3.28,-18.17,-3.64
2998.352,-8.79,-5.09,-23.64,-8.41,-14.26,0.26
2998.355,-12.7,-4.81,-29.11,-13.38,-9.96,3.88
2998.359,-9.57,-4.45,-31.45,-16.35,-7.62,7.08
2998.363,-13.87,-7.23,-36.92,-16.72,-9.57,10.57
2998.367,-24.03,-14.35,-30.28,-15.47,-10.35,15.11
2998.371,-36.53,-23.83,-43.17,-13.97,1.37,20.29
2998.375,-48.64,-32.35,-32.63,-12.56,0.2,24.65
2998.379,-54.9,-38.31,-29.5,-10.14,2.54,27.01
2998.383,-52.55,-42.94,-33.41,-5.34,8.01,27.73
2998.387,-56.85,-48.32,-15.43,1.69,2.54,28.5
2998.391,-65.84,-54.47,-16.21,8.53,9.18,30.76
2998.395,-71.7,-58.89,-11.14,11.96,13.09,34.26
2998.398,-78.34,-59.24,-1.76,10.9,13.48,37.06
2998.402,-67.01,-56.25,-16.61,8.09,15.43,36.87
2998.406,-61.15,-53.08,-16.21,8.13,9.18,32.74
2998.41,-59.19,-51.56,-8.79,13.01,6.84,25.71
2998.414,-58.8,-49.17,-0.2,19.29,-0.2,18.13
2998.418,-51.38,-40.56,14.26,20.36,-10.35,11.89
2998.422,-26.37,-22.59,-5.27,12.18,-1.37,7.23
2998.426,-1.37,1.83,-12.7,-2.59,-10.35,3.02
2998.43,24.81,24.59,-28.72,-15.81,-17.39,-1.82
2998.434,35.75,37.54,-31.45,-19.61,-16.21,-7.28
2998.438,44.35,37.84,-22.08,-12.07,-20.51,-12.3
2998.441,29.5,29.55,0.98,1.28,-24.03,-15.6
2998.445,20.51,20.37,11.53,11.48,-19.73,-16.34
2998.449,29.5,16.23,2.93,12.22,-17.0,-14.45
2998.453,20.12,17.88,3.71,3.74,-19.73,-10.71
2998.457,22.47,21.43,-14.65,-8.18,-13.09,-6.56
2998.461,23.64,21.8,-27.16,-16.48,-13.09,-3.45
2998.465,12.7,16.27,-32.63,-17.5,-16.21,-1.81
2998.469,-5.27,5.98,-26.76,-12.86,-19.34,-0.58
2998.473,-12.31,-5.32,-26.76,-7.48,-18.95,1.96
2998.477,-26.76,-14.09,-28.72,-5.5,-16.21,6.59
2998.48,-39.66,-19.33,-24.03,-7.35,-16.21,12.1
2998.484,-40.05,-22.75,-38.88,-9.97,-7.23,16.17
2998.488,-36.53,-26.57,-44.35,-10.07,-9.96,17.22
2998.492,-49.82,-30.93,-27.16,-7.32,-15.04,15.61
2998.496,-53.72,-33.48,-25.2,-4.47,-12.31,12.89
2998.5,-41.61,-31.8,-24.81,-4.54,-9.96,10.18
2998.504,-30.67,-25.89,-24.42,-8.13,-10.35,7.41
2998.508,-27.16,-18.32,-27.16,-13.18,-11.92,4.06
2998.512,-13.48,-12.17,-30.67,-16.73,-13.48,0.26
2998.516,-11.53,-9.08,-26.37,-16.85,-16.61,-3.0
2998.52,-10.35,-8.66,-22.86,-13.55,-17.0,-4.75
2998.523,-9.57,-9.62,-12.31,-8.37,-12.31,-4.94
2998.527,-4.88,-10.94,-6.06,-3.35,-8.4,-4.4
2998.531,-3.71,-12.16,-3.71,-0.06,-7.62,-3.96
2998.535,-2.93,-12.67,2.54,0.75,-5.27,-3.64
2998.539,-2.93,-11.42,2.93,-0.9,-4.49,-2.87
2998.543,3.32,-7.77,-5.67,-4.12,1.37,-1.29
2998.547,4.88,-3.03,4.88,-6.82,-1.37,0.56
2998.551,9.57,-0.52,-7.23,-6.2,2.15,1.55
2998.555,9.18,-3.43,-6.84,-0.34,-0.2,0.9
2998.559,-8.01,-11.83,8.01,9.64,-9.57,-0.91
2998.562,-29.11,-22.03,16.61,19.43,-13.48,-2.35
2998.566,-31.45,-28.99,6.06,24.24,-17.39,-1.95
2998.57,-39.66,-29.95,9.96,22.3,-18.95,0.5
2998.574,-38.49,-25.95,-4.88,16.1,-19.34,3.75
2998.578,-34.19,-20.49,-14.65,10.34,-20.12,6.02
2998.582,-33.41,-16.89,-15.82,8.35,-18.56,6.28
2998.586,-34.58,-16.54,-11.53,9.89,-22.47,4.98
2998.59,-33.41,-18.72,-9.18,11.86,-22.86,3.61
2998.594,-34.97,-21.59,-11.53,11.25,-20.12,3.62
2998.598,-36.14,-23.28,-14.65,7.37,-18.56,5.53
2998.602,-38.88,-22.74,-15.04,1.83,-17.0,8.86
2998.605,-30.67,-20.35,-25.2,-3.18,-8.01,12.63
2998.609,-27.94,-17.93,-24.03,-6.6,-0.2,16.1
2998.613,-22.08,-17.55,-15.43,-8.93,0.2,19.18
2998.617,-18.17,-19.93,-18.95,-11.36,10.35,22.07
2998.621,-18.95,-23.52,-22.86,-14.89,20.51,24.78
2998.625,-17.78,-25.68,-18.56,-19.86,27.16,27.09
2998.629,-20.51,-25.31,-9.18,-25.36,25.2,28.97
2998.633,-8.79,-24.46,-30.28,-28.85,35.75,30.59
2998.637,-8.79,-26.54,-25.98,-27.51,34.97,32.03
2998.641,-20.12,-32.47,-9.57,-21.1,32.23,33.02
2998.645,-24.81,-38.8,-4.49,-13.21,39.66,32.84
2998.648,-23.25,-40.51,0.98,-8.75,40.44,30.67
2998.652,-18.56,-35.84,10.74,-9.57,34.19,26.15
2998.656,-6.45,-28.43,0.98,-12.23,29.89,19.68
2998.66,-1.76,-24.18,-1.37,-10.53,21.68,12.27
2998.664,-8.4,-25.5,5.27,-1.09,7.23,4.94
2998.668,-18.95,-28.57,20.12,13.02,0.2,-1.74
2998.672,-18.56,-26.69,31.06,24.44,-5.27,-7.64
2998.676,-9.96,-16.83,34.58,27.77,-15.43,-12.66
2998.68,3.71,-3.1,25.59,24.22,-20.9,-16.37
2998.684,17.78,6.59,14.65,19.98,-22.08,-18.21
2998.688,11.53,7.4,13.09,19.98,-28.33,-17.99
2998.691,-4.49,1.7,18.56,23.39,-25.98,-16.03
2998.695,-6.06,-3.52,19.34,25.18,-25.59,-12.96
2998.699,-9.57,-3.11,17.78,21.89,-25.98,-9.53
2998.703,-1.76,2.12,1.76,15.36,-21.29,-6.54
2998.707,6.45,7.12,-4.49,10.82,-19.34,-4.82
2998.711,3.71,7.58,-0.98,11.77,-22.47,-4.77
2998.715,-15.04,3.29,8.4,17.01,-25.98,-5.89
2998.719,-11.14,-2.61,0.98,22.28,-27.55,-6.78
2998.723,-16.61,-6.46,11.53,23.96,-33.8,-6.05
2998.727,-22.86,-6.19,-2.15,21.14,-24.03,-3.44
2998.73,-13.87,-1.66,-2.15,15.06,-24.03,-0.12
2998.734,-1.37,5.78,-8.01,7.49,-17.78,2.09
2998.738,2.54,14.09,-13.48,-0.11,-18.95,2.04
2998.742,13.09,21.21,-17.39,-6.61,-18.17,-0.05
2998.746,21.68,25.55,-22.47,-10.98,-18.56,-2.83
2998.75,22.47,26.25,-18.95,-12.63,-17.0,-4.74
2998.754,26.37,23.37,-17.0,-11.81,-13.87,-4.91
2998.758,23.25,18.17,-9.18,-9.66,-9.96,-3.56
2998.762,22.08,13.01,-1.37,-7.49,-5.67,-1.93
2998.766,18.95,10.46,0.59,-6.03,-0.59,-1.55
2998.77,24.03,11.52,2.93,-5.28,2.15,-3.31
2998.773,34.97,14.6,6.45,-4.91,-0.2,-6.61
2998.777,36.14,16.44,8.01,-4.68,-3.71,-9.66
2998.781,24.81,14.62,13.87,-4.18,-6.45,-10.77
2998.785,31.06,9.63,6.06,-2.76,-3.71,-9.62
2998.789,20.9,4.77,11.53,-0.15,-1.76,-7.44
2998.793,19.73,3.61,15.43,2.53,5.27,-5.58
2998.797,29.89,6.95,19.73,3.08,8.79,-3.99
2998.801,33.8,11.72,29.5,0.33,6.06,-1.21
2998.805,40.44,13.38,13.09,-4.13,20.12,3.87
2998.809,37.31,9.79,11.92,-6.95,26.37,10.42
2998.812,29.5,3.24,18.17,-6.2,33.02,16.09
2998.816,27.16,-1.33,20.12,-3.59,38.49,19.06
2998.82,29.5,-0.54,24.03,-3.11,38.1,19.67
2998.824,29.5,4.44,23.64,-7.18,36.53,20.04
2998.828,33.02,8.42,8.01,-13.84,38.49,22.11
2998.832,35.36,6.01,-4.1,-17.96,34.58,25.99
2998.836,13.09,-4.26,-5.27,-15.72,39.27,29.91
2998.84,-8.01,-18.73,2.93,-8.18,36.14,31.92
2998.844,-26.37,-31.43,15.82,-0.27,28.72,31.49
2998.848,-28.72,-38.24,6.84,3.63,27.16,29.59
2998.852,-31.45,-38.55,-0.98,2.84,20.12,27.36
2998.855,-29.89,-33.95,-4.1,-0.48,15.82,24.99
2998.859,-29.11,-26.23,-6.45,-4.25,11.14,21.94
2998.863,-25.98,-17.1,-12.7,-7.81,3.32,18.02
2998.867,-17.78,-9.08,-15.82,-10.74,-2.93,13.91
2998.871,-4.49,-5.35,-26.76,-11.71,-8.79,10.66
2998.875,-17.39,-7.67,-22.47,-9.17,-10.35,8.63
2998.879,-27.55,-14.63,-12.7,-3.26,-12.31,7.31
2998.883,-28.72,-22.1,-12.7,3.54,-14.65,5.97
2998.887,-45.91,-25.96,-0.2,8.01,-19.73,4.46
2998.891,-38.88,-24.85,-5.67,8.7,-18.95,3.19
2998.895,-18.56,-20.77,-17.0,6.78,-20.9,2.41
2998.898,-35.75,-17.23,-0.2,4.66,-18.95,1.93
2998.902,-28.72,-16.77,-6.06,3.95,-14.26,1.41
2998.906,-18.56,-19.55,-4.1,4.62,-16.21,1.03
2998.91,-33.8,-23.43,-1.76,5.56,-16.21,1.52
2998.914,-32.23,-25.08,-6.45,5.45,-16.21,3.35
2998.918,-28.33,-21.94,-4.49,3.41,-11.53,6.06
2998.922,-17.78,-13.82,-9.18,-0.92,-4.49,8.49
2998.926,-7.62,-3.18,-8.4,-6.9,-2.15,9.72
2998.93,1.76,6.08,-5.67,-12.41,-0.59,9.64
2998.934,25.59,10.77,-20.12,-14.25,0.98,8.49
2998.938,17.78,10.54,-8.79,-10.23,2.15,6.06
2998.941,6.84,8.34,11.92,-1.6,-0.98,1.85
2998.945,17.0,8.4,12.31,7.15,-4.88,-3.87
2998.949,20.51,13.1,12.7,11.27,-12.31,-9.47
2998.953,23.64,21.36,17.78,9.25,-25.2,-12.94
2998.957,33.41,29.55,-1.37,3.98,-24.03,-13.81
2998.961,30.67,33.75,-2.93,0.66,-22.08,-13.74
2998.965,25.98,31.95,4.88,2.82,-26.76,-14.88
2998.969,24.42,25.12,4.49,9.5,-28.72,-17.74
2998.973,20.9,16.83,9.18,15.87,-33.41,-20.66
2998.977,5.27,11.37,19.34,16.87,-38.49,-21.71
2998.98,1.76,11.04,7.23,11.35,-34.97,-20.8
2998.984,10.74,14.24,-4.1,3.26,-31.84,-19.87
2998.988,13.87,16.56,-6.45,-1.48,-35.36,-20.81
2998.992,6.45,14.2,-2.54,-0.03,-36.53,-23.28
2998.996,13.87,7.03,-10.74,4.76,-39.66,-24.65
